<?xml version="1.0" encoding="UTF-8"?>
<!DOCTYPE suite SYSTEM "http://testng.org/testng-1.0.dtd">
<suite name="Suite">

<listeners>
<listener class-name="Utils.Suitelistener"></listener>
</listeners>

  <test name="ChromeTest">
  <parameter  name="browser" value="chrome"></parameter>
    <classes>
      <class name="qaTest.TestScript"/>
    </classes>
  </test> <!-- Test -->
  <test name="EdgeTest">
  <parameter  name="browser" value="edge"></parameter>
    <classes>
      <class name="qaTest.TestScript"/>
    </classes>
  </test> <!-- Test -->
  <test name="FirefoxTest">
  <parameter  name="browser" value="firefox"></parameter>
    <classes>
      <class name="qaTest.TestScript"/>
    </classes>
  </test> <!-- Test -->
</suite> <!-- Suite -->
